getMeniu,2026-05-25 14:44:42
getMeniu,2026-05-25 14:44:42
getMeniu,2026-05-25 14:44:42
getMeniu,2026-05-25 14:44:42
getMeniu,2026-05-25 14:44:42
getMeniu,2026-05-25 14:44:42
adaugaMasa,2026-05-25 14:44:44
adaugaMasa,2026-05-25 14:44:44
ocupaMasa,2026-05-25 14:44:44
ocupaMasa,2026-05-25 14:44:44
adaugaRezervare,2026-05-25 14:44:44
cautaRezervareDupaClient,2026-05-25 14:44:44
calculeazaNotaPlata,2026-05-25 14:44:44
aplicaDiscount,2026-05-25 14:44:44
getMeniu,2026-05-25 14:44:44
getBauturiAlcoolice,2026-05-25 14:44:44
getMeniu,2026-05-25 14:44:44
getMeniu,2026-05-26 15:34:28
getMeniu,2026-05-26 15:34:28
getMeniu,2026-05-26 15:34:28
getMeniu,2026-05-26 15:34:28
getMeniu,2026-05-26 15:34:28
getMeniu,2026-05-26 15:34:28
adaugaMasa,2026-05-26 15:34:33
adaugaMasa,2026-05-26 15:34:33
ocupaMasa,2026-05-26 15:34:33
ocupaMasa,2026-05-26 15:34:34
adaugaRezervare,2026-05-26 15:34:34
cautaRezervareDupaClient,2026-05-26 15:34:34
calculeazaNotaPlata,2026-05-26 15:34:34
aplicaDiscount,2026-05-26 15:34:34
getMeniu,2026-05-26 15:34:34
getBauturiAlcoolice,2026-05-26 15:34:34
getMeniu,2026-05-26 15:34:34
getMeniu,2026-05-26 15:36:48
getMeniu,2026-05-26 15:36:48
getMeniu,2026-05-26 15:36:48
getMeniu,2026-05-26 15:36:48
getMeniu,2026-05-26 15:36:48
getMeniu,2026-05-26 15:36:48
adaugaMasa,2026-05-26 15:36:50
adaugaMasa,2026-05-26 15:36:50
ocupaMasa,2026-05-26 15:36:50
ocupaMasa,2026-05-26 15:36:51
adaugaRezervare,2026-05-26 15:36:51
cautaRezervareDupaClient,2026-05-26 15:36:51
calculeazaNotaPlata,2026-05-26 15:36:51
aplicaDiscount,2026-05-26 15:36:51
getMeniu,2026-05-26 15:36:51
getBauturiAlcoolice,2026-05-26 15:36:51
getMeniu,2026-05-26 15:36:51
getMeniu,2026-05-26 15:42:29
getMeniu,2026-05-26 15:42:29
getMeniu,2026-05-26 15:42:29
getMeniu,2026-05-26 15:42:29
getMeniu,2026-05-26 15:42:29
getMeniu,2026-05-26 15:42:29
adaugaMasa,2026-05-26 15:42:29
adaugaMasa,2026-05-26 15:42:29
ocupaMasa,2026-05-26 15:42:30
ocupaMasa,2026-05-26 15:42:30
adaugaRezervare,2026-05-26 15:42:30
cautaRezervareDupaClient,2026-05-26 15:42:30
calculeazaNotaPlata,2026-05-26 15:42:30
aplicaDiscount,2026-05-26 15:42:30
getMeniu,2026-05-26 15:42:30
getBauturiAlcoolice,2026-05-26 15:42:30
getMeniu,2026-05-26 15:42:30
getMeniu,2026-05-26 15:53:34
getMeniu,2026-05-26 15:53:34
getMeniu,2026-05-26 15:53:34
getMeniu,2026-05-26 15:53:34
getMeniu,2026-05-26 15:53:34
getMeniu,2026-05-26 15:53:34
adaugaMasa,2026-05-26 15:53:35
adaugaMasa,2026-05-26 15:53:35
ocupaMasa,2026-05-26 15:53:35
ocupaMasa,2026-05-26 15:53:35
adaugaRezervare,2026-05-26 15:53:35
cautaRezervareDupaClient,2026-05-26 15:53:36
calculeazaNotaPlata,2026-05-26 15:53:36
aplicaDiscount,2026-05-26 15:53:36
getMeniu,2026-05-26 15:53:36
getBauturiAlcoolice,2026-05-26 15:53:36
getMeniu,2026-05-26 15:53:36
getMeniu,2026-05-27 11:24:40
getMeniu,2026-05-27 11:24:40
getMeniu,2026-05-27 11:24:40
getMeniu,2026-05-27 11:24:40
getMeniu,2026-05-27 11:24:40
getMeniu,2026-05-27 11:24:40
adaugaMasa,2026-05-27 11:24:41
adaugaMasa,2026-05-27 11:24:41
ocupaMasa,2026-05-27 11:24:41
ocupaMasa,2026-05-27 11:24:41
adaugaRezervare,2026-05-27 11:24:41
cautaRezervareDupaClient,2026-05-27 11:24:41
calculeazaNotaPlata,2026-05-27 11:24:41
aplicaDiscount,2026-05-27 11:24:41
getMeniu,2026-05-27 11:24:41
getBauturiAlcoolice,2026-05-27 11:24:41
getMeniu,2026-05-27 11:24:41
getMeniu,2026-05-30 22:31:57
getMeniu,2026-05-30 22:31:57
getMeniu,2026-05-30 22:31:57
getMeniu,2026-05-30 22:31:57
getMeniu,2026-05-30 22:31:57
getMeniu,2026-05-30 22:31:57
adaugaMasa,2026-05-30 22:31:57
adaugaMasa,2026-05-30 22:31:57
ocupaMasa,2026-05-30 22:31:57
ocupaMasa,2026-05-30 22:31:58
adaugaRezervare,2026-05-30 22:31:58
cautaRezervareDupaClient,2026-05-30 22:31:58
calculeazaNotaPlata,2026-05-30 22:31:58
aplicaDiscount,2026-05-30 22:31:58
getMeniu,2026-05-30 22:31:58
getBauturiAlcoolice,2026-05-30 22:31:58
getMeniu,2026-05-30 22:31:58
getMeniu,2026-05-30 22:33:01
getMeniu,2026-05-30 22:33:01
getMeniu,2026-05-30 22:33:01
getMeniu,2026-05-30 22:33:01
getMeniu,2026-05-30 22:33:01
getMeniu,2026-05-30 22:33:01
adaugaMasa,2026-05-30 22:33:02
adaugaMasa,2026-05-30 22:33:02
ocupaMasa,2026-05-30 22:33:02
ocupaMasa,2026-05-30 22:33:02
adaugaRezervare,2026-05-30 22:33:02
cautaRezervareDupaClient,2026-05-30 22:33:02
calculeazaNotaPlata,2026-05-30 22:33:02
aplicaDiscount,2026-05-30 22:33:02
getMeniu,2026-05-30 22:33:02
getBauturiAlcoolice,2026-05-30 22:33:02
getMeniu,2026-05-30 22:33:02
getMeniu,2026-05-31 00:12:01
getMeniu,2026-05-31 00:12:01
getMeniu,2026-05-31 00:12:01
getMeniu,2026-05-31 00:12:01
getMeniu,2026-05-31 00:12:01
getMeniu,2026-05-31 00:12:01
adaugaMasa,2026-05-31 00:12:01
adaugaMasa,2026-05-31 00:12:01
ocupaMasa,2026-05-31 00:12:01
ocupaMasa,2026-05-31 00:12:01
adaugaRezervare,2026-05-31 00:12:01
cautaRezervareDupaClient,2026-05-31 00:12:02
calculeazaNotaPlata,2026-05-31 00:12:02
aplicaDiscount,2026-05-31 00:12:02
getMeniu,2026-05-31 00:12:02
getBauturiAlcoolice,2026-05-31 00:12:02
getMeniu,2026-05-31 00:12:02
getMeniu,2026-05-31 00:16:27
getMeniu,2026-05-31 00:16:27
getMeniu,2026-05-31 00:16:27
getMeniu,2026-05-31 00:16:27
getMeniu,2026-05-31 00:16:27
getMeniu,2026-05-31 00:16:27
adaugaMasa,2026-05-31 00:16:27
adaugaMasa,2026-05-31 00:16:27
ocupaMasa,2026-05-31 00:16:27
ocupaMasa,2026-05-31 00:16:27
adaugaRezervare,2026-05-31 00:16:27
cautaRezervareDupaClient,2026-05-31 00:16:28
calculeazaNotaPlata,2026-05-31 00:16:28
aplicaDiscount,2026-05-31 00:16:28
getMeniu,2026-05-31 00:16:28
getBauturiAlcoolice,2026-05-31 00:16:28
getMeniu,2026-05-31 00:16:28
getMeniu,2026-05-31 00:21:18
getMeniu,2026-05-31 00:21:18
getMeniu,2026-05-31 00:21:18
getMeniu,2026-05-31 00:21:18
getMeniu,2026-05-31 00:21:18
getMeniu,2026-05-31 00:21:18
adaugaMasa,2026-05-31 00:21:19
adaugaMasa,2026-05-31 00:21:19
ocupaMasa,2026-05-31 00:21:19
ocupaMasa,2026-05-31 00:21:19
adaugaRezervare,2026-05-31 00:21:19
cautaRezervareDupaClient,2026-05-31 00:21:19
calculeazaNotaPlata,2026-05-31 00:21:19
aplicaDiscount,2026-05-31 00:21:19
getMeniu,2026-05-31 00:21:19
getBauturiAlcoolice,2026-05-31 00:21:19
getMeniu,2026-05-31 00:21:19
getMeniu,2026-05-31 00:25:16
getMeniu,2026-05-31 00:25:16
getMeniu,2026-05-31 00:25:16
getMeniu,2026-05-31 00:25:16
getMeniu,2026-05-31 00:25:16
getMeniu,2026-05-31 00:25:16
adaugaMasa,2026-05-31 00:25:16
adaugaMasa,2026-05-31 00:25:16
ocupaMasa,2026-05-31 00:25:17
ocupaMasa,2026-05-31 00:25:17
adaugaRezervare,2026-05-31 00:25:17
cautaRezervareDupaClient,2026-05-31 00:25:17
calculeazaNotaPlata,2026-05-31 00:25:17
aplicaDiscount,2026-05-31 00:25:17
getMeniu,2026-05-31 00:25:17
getBauturiAlcoolice,2026-05-31 00:25:17
getMeniu,2026-05-31 00:25:17
getMeniu,2026-05-31 00:30:06
getMeniu,2026-05-31 00:30:06
getMeniu,2026-05-31 00:30:06
getMeniu,2026-05-31 00:30:06
getMeniu,2026-05-31 00:30:06
getMeniu,2026-05-31 00:30:06
adaugaMasa,2026-05-31 00:30:06
adaugaMasa,2026-05-31 00:30:06
alocareOspatarMasa,2026-05-31 00:30:06
alocareOspatarMasa,2026-05-31 00:30:06
adaugaRezervare,2026-05-31 00:30:06
cautaRezervareDupaClient,2026-05-31 00:30:06
calculeazaNotaPlata,2026-05-31 00:30:06
aplicaDiscount,2026-05-31 00:30:06
getMeniu,2026-05-31 00:30:06
getBauturiAlcoolice,2026-05-31 00:30:06
getMeniu,2026-05-31 00:30:06
getMeniu,2026-05-31 00:33:40
getMeniu,2026-05-31 00:33:40
getMeniu,2026-05-31 00:33:40
getMeniu,2026-05-31 00:33:40
getMeniu,2026-05-31 00:33:40
getMeniu,2026-05-31 00:33:40
adaugaMasa,2026-05-31 00:33:41
adaugaMasa,2026-05-31 00:33:41
alocareOspatarMasa,2026-05-31 00:33:41
alocareOspatarMasa,2026-05-31 00:33:41
adaugaRezervare,2026-05-31 00:33:41
cautaRezervareDupaClient,2026-05-31 00:33:41
calculeazaNotaPlata,2026-05-31 00:33:41
aplicaDiscount,2026-05-31 00:33:41
getMeniu,2026-05-31 00:33:41
getBauturiAlcoolice,2026-05-31 00:33:41
getMeniu,2026-05-31 00:33:41
getMeniu,2026-05-31 00:35:48
getMeniu,2026-05-31 00:35:48
getMeniu,2026-05-31 00:35:48
getMeniu,2026-05-31 00:35:48
getMeniu,2026-05-31 00:35:48
getMeniu,2026-05-31 00:35:48
adaugaMasa,2026-05-31 00:35:48
adaugaMasa,2026-05-31 00:35:48
alocareOspatarMasa,2026-05-31 00:35:48
alocareOspatarMasa,2026-05-31 00:35:48
adaugaRezervare,2026-05-31 00:35:48
cautaRezervareDupaClient,2026-05-31 00:35:48
calculeazaNotaPlata,2026-05-31 00:35:48
aplicaDiscount,2026-05-31 00:35:48
getMeniu,2026-05-31 00:35:48
getBauturiAlcoolice,2026-05-31 00:35:48
getMeniu,2026-05-31 00:35:48
getMeniu,2026-05-31 00:38:02
getMeniu,2026-05-31 00:38:02
getMeniu,2026-05-31 00:38:02
getMeniu,2026-05-31 00:38:02
getMeniu,2026-05-31 00:38:02
getMeniu,2026-05-31 00:38:02
adaugaMasa,2026-05-31 00:38:02
adaugaMasa,2026-05-31 00:38:02
alocareOspatarMasa,2026-05-31 00:38:02
alocareOspatarMasa,2026-05-31 00:38:02
adaugaRezervare,2026-05-31 00:38:02
cautaRezervareDupaClient,2026-05-31 00:38:02
calculeazaNotaPlata,2026-05-31 00:38:02
aplicaDiscount,2026-05-31 00:38:02
getMeniu,2026-05-31 00:38:02
getBauturiAlcoolice,2026-05-31 00:38:02
getMeniu,2026-05-31 00:38:02
getMeniu,2026-06-03 12:32:03
getMeniu,2026-06-03 12:32:03
getMeniu,2026-06-03 12:32:03
getMeniu,2026-06-03 12:32:03
getMeniu,2026-06-03 12:32:03
getMeniu,2026-06-03 12:32:03
adaugaMasa,2026-06-03 12:32:04
adaugaMasa,2026-06-03 12:32:04
alocareOspatarMasa,2026-06-03 12:32:04
alocareOspatarMasa,2026-06-03 12:32:04
adaugaRezervare,2026-06-03 12:32:04
cautaRezervareDupaClient,2026-06-03 12:32:04
calculeazaNotaPlata,2026-06-03 12:32:04
aplicaDiscount,2026-06-03 12:32:04
getMeniu,2026-06-03 12:32:04
getBauturiAlcoolice,2026-06-03 12:32:04
getMeniu,2026-06-03 12:32:04
getMeniu,2026-06-03 12:40:06
getMeniu,2026-06-03 12:40:06
getMeniu,2026-06-03 12:40:06
getMeniu,2026-06-03 12:40:06
getMeniu,2026-06-03 12:40:06
getMeniu,2026-06-03 12:40:06
adaugaMasa,2026-06-03 12:40:06
adaugaMasa,2026-06-03 12:40:06
alocareOspatarMasa,2026-06-03 12:40:07
alocareOspatarMasa,2026-06-03 12:40:07
adaugaRezervare,2026-06-03 12:40:07
cautaRezervareDupaClient,2026-06-03 12:40:07
calculeazaNotaPlata,2026-06-03 12:40:07
aplicaDiscount,2026-06-03 12:40:07
getMeniu,2026-06-03 12:40:07
getBauturiAlcoolice,2026-06-03 12:40:07
getMeniu,2026-06-03 12:40:07
getMeniu,2026-06-03 12:43:38
getMeniu,2026-06-03 12:43:38
getMeniu,2026-06-03 12:43:38
getMeniu,2026-06-03 12:43:38
getMeniu,2026-06-03 12:43:38
getMeniu,2026-06-03 12:43:38
adaugaMasa,2026-06-03 12:43:39
adaugaMasa,2026-06-03 12:43:39
alocareOspatarMasa,2026-06-03 12:43:39
alocareOspatarMasa,2026-06-03 12:43:39
adaugaRezervare,2026-06-03 12:43:39
cautaRezervareDupaClient,2026-06-03 12:43:39
calculeazaNotaPlata,2026-06-03 12:43:39
aplicaDiscount,2026-06-03 12:43:39
getMeniu,2026-06-03 12:43:39
getBauturiAlcoolice,2026-06-03 12:43:39
getMeniu,2026-06-03 12:43:39
getMeniu,2026-06-03 12:46:26
getMeniu,2026-06-03 12:46:26
getMeniu,2026-06-03 12:46:26
getMeniu,2026-06-03 12:46:26
getMeniu,2026-06-03 12:46:26
getMeniu,2026-06-03 12:46:26
adaugaMasa,2026-06-03 12:46:27
adaugaMasa,2026-06-03 12:46:27
alocareOspatarMasa,2026-06-03 12:46:27
alocareOspatarMasa,2026-06-03 12:46:27
adaugaRezervare,2026-06-03 12:46:27
cautaRezervareDupaClient,2026-06-03 12:46:27
calculeazaNotaPlata,2026-06-03 12:46:27
aplicaDiscount,2026-06-03 12:46:27
getMeniu,2026-06-03 12:46:27
getBauturiAlcoolice,2026-06-03 12:46:27
getMeniu,2026-06-03 12:46:27
getMeniu,2026-06-03 12:48:38
getMeniu,2026-06-03 12:48:38
getMeniu,2026-06-03 12:48:38
getMeniu,2026-06-03 12:48:38
getMeniu,2026-06-03 12:48:38
getMeniu,2026-06-03 12:48:38
adaugaMasa,2026-06-03 12:48:39
adaugaMasa,2026-06-03 12:48:39
alocareOspatarMasa,2026-06-03 12:48:39
alocareOspatarMasa,2026-06-03 12:48:39
adaugaRezervare,2026-06-03 12:48:39
cautaRezervareDupaClient,2026-06-03 12:48:39
calculeazaNotaPlata,2026-06-03 12:48:39
aplicaDiscount,2026-06-03 12:48:39
getMeniu,2026-06-03 12:48:39
getBauturiAlcoolice,2026-06-03 12:48:39
getMeniu,2026-06-03 12:48:39
getMeniu,2026-06-03 12:49:42
getMeniu,2026-06-03 12:49:42
getMeniu,2026-06-03 12:49:42
getMeniu,2026-06-03 12:49:42
getMeniu,2026-06-03 12:49:42
getMeniu,2026-06-03 12:49:42
adaugaMasa,2026-06-03 12:49:42
adaugaMasa,2026-06-03 12:49:42
alocareOspatarMasa,2026-06-03 12:49:43
alocareOspatarMasa,2026-06-03 12:49:43
adaugaRezervare,2026-06-03 12:49:43
cautaRezervareDupaClient,2026-06-03 12:49:43
calculeazaNotaPlata,2026-06-03 12:49:43
aplicaDiscount,2026-06-03 12:49:43
getMeniu,2026-06-03 12:49:43
getBauturiAlcoolice,2026-06-03 12:49:43
getMeniu,2026-06-03 12:49:43
getMeniu,2026-06-03 12:54:27
getMeniu,2026-06-03 12:54:27
getMeniu,2026-06-03 12:54:27
getMeniu,2026-06-03 12:54:27
getMeniu,2026-06-03 12:54:27
getMeniu,2026-06-03 12:54:27
adaugaMasa,2026-06-03 12:54:28
adaugaMasa,2026-06-03 12:54:28
alocareOspatarMasa,2026-06-03 12:54:28
alocareOspatarMasa,2026-06-03 12:54:28
adaugaRezervare,2026-06-03 12:54:28
cautaRezervareDupaClient,2026-06-03 12:54:28
calculeazaNotaPlata,2026-06-03 12:54:28
aplicaDiscount,2026-06-03 12:54:28
getMeniu,2026-06-03 12:54:28
getBauturiAlcoolice,2026-06-03 12:54:28
getMeniu,2026-06-03 12:54:28
getMeniu,2026-06-03 12:55:56
getMeniu,2026-06-03 12:55:56
getMeniu,2026-06-03 12:55:56
getMeniu,2026-06-03 12:55:56
getMeniu,2026-06-03 12:55:56
getMeniu,2026-06-03 12:55:56
adaugaMasa,2026-06-03 12:55:56
adaugaMasa,2026-06-03 12:55:56
alocareOspatarMasa,2026-06-03 12:55:56
alocareOspatarMasa,2026-06-03 12:55:56
adaugaRezervare,2026-06-03 12:55:56
cautaRezervareDupaClient,2026-06-03 12:55:56
calculeazaNotaPlata,2026-06-03 12:55:56
aplicaDiscount,2026-06-03 12:55:56
getMeniu,2026-06-03 12:55:56
getBauturiAlcoolice,2026-06-03 12:55:56
getMeniu,2026-06-03 12:55:56
getMeniu,2026-06-03 12:57:36
getMeniu,2026-06-03 12:57:36
getMeniu,2026-06-03 12:57:36
getMeniu,2026-06-03 12:57:36
getMeniu,2026-06-03 12:57:36
getMeniu,2026-06-03 12:57:36
adaugaMasa,2026-06-03 12:57:36
adaugaMasa,2026-06-03 12:57:36
alocareOspatarMasa,2026-06-03 12:57:36
alocareOspatarMasa,2026-06-03 12:57:36
adaugaRezervare,2026-06-03 12:57:36
cautaRezervareDupaClient,2026-06-03 12:57:37
calculeazaNotaPlata,2026-06-03 12:57:37
aplicaDiscount,2026-06-03 12:57:37
getMeniu,2026-06-03 12:57:37
getBauturiAlcoolice,2026-06-03 12:57:37
getMeniu,2026-06-03 12:57:37
getMeniu,2026-06-03 13:02:42
getMeniu,2026-06-03 13:02:42
getMeniu,2026-06-03 13:02:42
getMeniu,2026-06-03 13:02:42
getMeniu,2026-06-03 13:02:42
getMeniu,2026-06-03 13:02:42
adaugaMasa,2026-06-03 13:02:43
adaugaMasa,2026-06-03 13:02:43
alocareOspatarMasa,2026-06-03 13:02:43
alocareOspatarMasa,2026-06-03 13:02:43
adaugaRezervare,2026-06-03 13:02:43
cautaRezervareDupaClient,2026-06-03 13:02:43
calculeazaNotaPlata,2026-06-03 13:02:43
aplicaDiscount,2026-06-03 13:02:43
getMeniu,2026-06-03 13:02:43
getBauturiAlcoolice,2026-06-03 13:02:43
getMeniu,2026-06-03 13:02:43
getMeniu,2026-06-03 13:06:11
getMeniu,2026-06-03 13:06:11
getMeniu,2026-06-03 13:06:11
getMeniu,2026-06-03 13:06:11
getMeniu,2026-06-03 13:06:11
getMeniu,2026-06-03 13:06:11
adaugaMasa,2026-06-03 13:06:11
adaugaMasa,2026-06-03 13:06:11
alocareOspatarMasa,2026-06-03 13:06:12
alocareOspatarMasa,2026-06-03 13:06:12
adaugaRezervare,2026-06-03 13:06:12
cautaRezervareDupaClient,2026-06-03 13:06:12
calculeazaNotaPlata,2026-06-03 13:06:12
aplicaDiscount,2026-06-03 13:06:12
getMeniu,2026-06-03 13:06:12
getBauturiAlcoolice,2026-06-03 13:06:12
getMeniu,2026-06-03 13:06:12
getMeniu,2026-06-03 13:08:13
getMeniu,2026-06-03 13:08:13
getMeniu,2026-06-03 13:08:13
getMeniu,2026-06-03 13:08:13
getMeniu,2026-06-03 13:08:13
getMeniu,2026-06-03 13:08:13
adaugaMasa,2026-06-03 13:08:14
adaugaMasa,2026-06-03 13:08:14
alocareOspatarMasa,2026-06-03 13:08:14
alocareOspatarMasa,2026-06-03 13:08:14
adaugaRezervare,2026-06-03 13:08:14
cautaRezervareDupaClient,2026-06-03 13:08:14
calculeazaNotaPlata,2026-06-03 13:08:14
aplicaDiscount,2026-06-03 13:08:14
getMeniu,2026-06-03 13:08:14
getBauturiAlcoolice,2026-06-03 13:08:14
getMeniu,2026-06-03 13:08:14
getMeniu,2026-06-03 13:09:21
getMeniu,2026-06-03 13:09:21
getMeniu,2026-06-03 13:09:21
getMeniu,2026-06-03 13:09:21
getMeniu,2026-06-03 13:09:21
getMeniu,2026-06-03 13:09:21
adaugaMasa,2026-06-03 13:09:21
adaugaMasa,2026-06-03 13:09:21
alocareOspatarMasa,2026-06-03 13:09:21
alocareOspatarMasa,2026-06-03 13:09:21
adaugaRezervare,2026-06-03 13:09:21
cautaRezervareDupaClient,2026-06-03 13:09:21
calculeazaNotaPlata,2026-06-03 13:09:21
aplicaDiscount,2026-06-03 13:09:21
getMeniu,2026-06-03 13:09:21
getBauturiAlcoolice,2026-06-03 13:09:21
getMeniu,2026-06-03 13:09:21
getMeniu,2026-06-03 13:11:09
getMeniu,2026-06-03 13:11:09
getMeniu,2026-06-03 13:11:09
getMeniu,2026-06-03 13:11:09
getMeniu,2026-06-03 13:11:09
getMeniu,2026-06-03 13:11:09
adaugaMasa,2026-06-03 13:11:09
adaugaMasa,2026-06-03 13:11:09
alocareOspatarMasa,2026-06-03 13:11:10
alocareOspatarMasa,2026-06-03 13:11:10
adaugaRezervare,2026-06-03 13:11:10
cautaRezervareDupaClient,2026-06-03 13:11:10
calculeazaNotaPlata,2026-06-03 13:11:10
aplicaDiscount,2026-06-03 13:11:10
getMeniu,2026-06-03 13:11:10
getBauturiAlcoolice,2026-06-03 13:11:10
getMeniu,2026-06-03 13:11:10
getMeniu,2026-06-03 13:24:03
getMeniu,2026-06-03 13:24:03
getMeniu,2026-06-03 13:24:03
getMeniu,2026-06-03 13:24:03
getMeniu,2026-06-03 13:24:03
getMeniu,2026-06-03 13:24:03
adaugaMasa,2026-06-03 13:24:04
adaugaMasa,2026-06-03 13:24:04
alocareOspatarMasa,2026-06-03 13:24:04
alocareOspatarMasa,2026-06-03 13:24:04
adaugaRezervare,2026-06-03 13:24:04
cautaRezervareDupaClient,2026-06-03 13:24:04
calculeazaNotaPlata,2026-06-03 13:24:04
aplicaDiscount,2026-06-03 13:24:04
getMeniu,2026-06-03 13:24:04
getBauturiAlcoolice,2026-06-03 13:24:04
getMeniu,2026-06-03 13:24:04
getMeniu,2026-06-03 13:26:38
getMeniu,2026-06-03 13:26:38
getMeniu,2026-06-03 13:26:38
getMeniu,2026-06-03 13:26:38
getMeniu,2026-06-03 13:26:38
getMeniu,2026-06-03 13:26:38
adaugaMasa,2026-06-03 13:26:38
adaugaMasa,2026-06-03 13:26:38
alocareOspatarMasa,2026-06-03 13:26:39
alocareOspatarMasa,2026-06-03 13:26:39
adaugaRezervare,2026-06-03 13:26:39
cautaRezervareDupaClient,2026-06-03 13:26:39
calculeazaNotaPlata,2026-06-03 13:26:39
aplicaDiscount,2026-06-03 13:26:39
getMeniu,2026-06-03 13:26:39
getBauturiAlcoolice,2026-06-03 13:26:39
getMeniu,2026-06-03 13:26:39
getMeniu,2026-06-03 13:27:13
getMeniu,2026-06-03 13:27:13
getMeniu,2026-06-03 13:27:13
getMeniu,2026-06-03 13:27:13
getMeniu,2026-06-03 13:27:13
getMeniu,2026-06-03 13:27:13
adaugaMasa,2026-06-03 13:27:14
adaugaMasa,2026-06-03 13:27:14
alocareOspatarMasa,2026-06-03 13:27:14
alocareOspatarMasa,2026-06-03 13:27:14
adaugaRezervare,2026-06-03 13:27:14
cautaRezervareDupaClient,2026-06-03 13:27:14
calculeazaNotaPlata,2026-06-03 13:27:14
aplicaDiscount,2026-06-03 13:27:14
getMeniu,2026-06-03 13:27:14
getBauturiAlcoolice,2026-06-03 13:27:14
getMeniu,2026-06-03 13:27:14
getMeniu,2026-06-03 13:28:37
getMeniu,2026-06-03 13:28:37
getMeniu,2026-06-03 13:28:37
getMeniu,2026-06-03 13:28:37
getMeniu,2026-06-03 13:28:37
getMeniu,2026-06-03 13:28:37
adaugaMasa,2026-06-03 13:28:38
adaugaMasa,2026-06-03 13:28:38
alocareOspatarMasa,2026-06-03 13:28:38
alocareOspatarMasa,2026-06-03 13:28:38
adaugaRezervare,2026-06-03 13:28:38
cautaRezervareDupaClient,2026-06-03 13:28:38
calculeazaNotaPlata,2026-06-03 13:28:38
aplicaDiscount,2026-06-03 13:28:38
getMeniu,2026-06-03 13:28:38
getBauturiAlcoolice,2026-06-03 13:28:38
getMeniu,2026-06-03 13:28:38
getMeniu,2026-06-03 13:29:14
getMeniu,2026-06-03 13:29:14
getMeniu,2026-06-03 13:29:14
getMeniu,2026-06-03 13:29:14
getMeniu,2026-06-03 13:29:14
getMeniu,2026-06-03 13:29:14
adaugaMasa,2026-06-03 13:29:14
adaugaMasa,2026-06-03 13:29:14
alocareOspatarMasa,2026-06-03 13:29:15
alocareOspatarMasa,2026-06-03 13:29:15
adaugaRezervare,2026-06-03 13:29:15
cautaRezervareDupaClient,2026-06-03 13:29:15
calculeazaNotaPlata,2026-06-03 13:29:15
aplicaDiscount,2026-06-03 13:29:15
getMeniu,2026-06-03 13:29:15
getBauturiAlcoolice,2026-06-03 13:29:15
getMeniu,2026-06-03 13:29:15
getMeniu,2026-06-03 13:32:02
getMeniu,2026-06-03 13:32:02
getMeniu,2026-06-03 13:32:02
getMeniu,2026-06-03 13:32:02
getMeniu,2026-06-03 13:32:02
getMeniu,2026-06-03 13:32:02
adaugaMasa,2026-06-03 13:32:03
adaugaMasa,2026-06-03 13:32:03
alocareOspatarMasa,2026-06-03 13:32:03
adaugaRezervare,2026-06-03 13:32:03
cautaRezervareDupaClient,2026-06-03 13:32:03
calculeazaNotaPlata,2026-06-03 13:32:03
aplicaDiscount,2026-06-03 13:32:03
getMeniu,2026-06-03 13:32:03
getBauturiAlcoolice,2026-06-03 13:32:03
getMeniu,2026-06-03 13:32:03
getMeniu,2026-06-03 13:32:27
getMeniu,2026-06-03 13:32:27
getMeniu,2026-06-03 13:32:27
getMeniu,2026-06-03 13:32:27
getMeniu,2026-06-03 13:32:27
getMeniu,2026-06-03 13:32:27
adaugaMasa,2026-06-03 13:32:28
adaugaMasa,2026-06-03 13:32:28
adaugaMasa,2026-06-03 13:32:28
alocareOspatarMasa,2026-06-03 13:32:28
adaugaRezervare,2026-06-03 13:32:28
cautaRezervareDupaClient,2026-06-03 13:32:28
calculeazaNotaPlata,2026-06-03 13:32:28
aplicaDiscount,2026-06-03 13:32:28
getMeniu,2026-06-03 13:32:28
getBauturiAlcoolice,2026-06-03 13:32:28
getMeniu,2026-06-03 13:32:28
getMeniu,2026-06-03 13:33:00
getMeniu,2026-06-03 13:33:00
getMeniu,2026-06-03 13:33:00
getMeniu,2026-06-03 13:33:00
getMeniu,2026-06-03 13:33:00
getMeniu,2026-06-03 13:33:00
adaugaMasa,2026-06-03 13:33:01
adaugaMasa,2026-06-03 13:33:01
alocareOspatarMasa,2026-06-03 13:33:01
adaugaRezervare,2026-06-03 13:33:01
cautaRezervareDupaClient,2026-06-03 13:33:01
calculeazaNotaPlata,2026-06-03 13:33:01
aplicaDiscount,2026-06-03 13:33:01
getMeniu,2026-06-03 13:33:01
getBauturiAlcoolice,2026-06-03 13:33:01
getMeniu,2026-06-03 13:33:01
getMeniu,2026-06-03 13:34:52
getMeniu,2026-06-03 13:34:52
getMeniu,2026-06-03 13:34:52
getMeniu,2026-06-03 13:34:52
getMeniu,2026-06-03 13:34:52
getMeniu,2026-06-03 13:34:52
adaugaMasa,2026-06-03 13:34:53
alocareOspatarMasa,2026-06-03 13:34:53
adaugaRezervare,2026-06-03 13:34:53
cautaRezervareDupaClient,2026-06-03 13:34:53
calculeazaNotaPlata,2026-06-03 13:34:53
aplicaDiscount,2026-06-03 13:34:53
getMeniu,2026-06-03 13:34:53
getBauturiAlcoolice,2026-06-03 13:34:53
getMeniu,2026-06-03 13:34:53
getMeniu,2026-06-03 13:42:50
getMeniu,2026-06-03 13:42:50
getMeniu,2026-06-03 13:42:50
getMeniu,2026-06-03 13:42:50
getMeniu,2026-06-03 13:42:50
getMeniu,2026-06-03 13:42:50
adaugaMasa,2026-06-03 13:42:52
adaugaMasa,2026-06-03 13:42:52
adaugaMasa,2026-06-03 13:42:52
adaugaMasa,2026-06-03 13:42:52
adaugaMasa,2026-06-03 13:42:52
adaugaMasa,2026-06-03 13:42:52
adaugaMasa,2026-06-03 13:42:52
adaugaMasa,2026-06-03 13:42:52
adaugaMasa,2026-06-03 13:42:52
adaugaMasa,2026-06-03 13:42:52
alocareOspatarMasa,2026-06-03 13:42:52
adaugaRezervare,2026-06-03 13:42:52
cautaRezervareDupaClient,2026-06-03 13:42:52
getMeniu,2026-06-03 13:42:52
getBauturiAlcoolice,2026-06-03 13:42:52
getMeniu,2026-06-03 13:42:52
getMeniu,2026-06-03 13:55:26
getMeniu,2026-06-03 13:55:26
getMeniu,2026-06-03 13:55:26
getMeniu,2026-06-03 13:55:26
getMeniu,2026-06-03 13:55:26
getMeniu,2026-06-03 13:55:26
getMeniu,2026-06-03 13:55:27
adaugaMasa,2026-06-03 13:55:29
adaugaMasa,2026-06-03 13:55:29
adaugaMasa,2026-06-03 13:55:29
adaugaMasa,2026-06-03 13:55:29
adaugaMasa,2026-06-03 13:55:29
adaugaMasa,2026-06-03 13:55:29
adaugaMasa,2026-06-03 13:55:29
adaugaMasa,2026-06-03 13:55:29
adaugaMasa,2026-06-03 13:55:29
adaugaMasa,2026-06-03 13:55:29
adaugaRezervare,2026-06-03 13:55:29
adaugaRezervare,2026-06-03 13:55:29
cautaRezervareDupaClient,2026-06-03 13:55:29
calculeazaNotaPlata,2026-06-03 13:55:29
aplicaDiscount,2026-06-03 13:55:29
getMeniu,2026-06-03 13:55:29
getBauturiAlcoolice,2026-06-03 13:55:29
cautaRezervareDupaClient,2026-06-03 13:55:29
getMeniu,2026-06-03 13:55:29
alocareOspatarMasa,2026-06-03 13:55:29
getMeniu,2026-06-03 16:17:33
getMeniu,2026-06-03 16:17:33
getMeniu,2026-06-03 16:17:33
getMeniu,2026-06-03 16:17:33
getMeniu,2026-06-03 16:17:33
getMeniu,2026-06-03 16:17:33
getMeniu,2026-06-03 16:17:34
adaugaMasa,2026-06-03 16:17:34
adaugaMasa,2026-06-03 16:17:34
adaugaMasa,2026-06-03 16:17:34
adaugaMasa,2026-06-03 16:17:34
adaugaMasa,2026-06-03 16:17:34
adaugaMasa,2026-06-03 16:17:34
adaugaMasa,2026-06-03 16:17:34
adaugaMasa,2026-06-03 16:17:34
adaugaMasa,2026-06-03 16:17:34
adaugaMasa,2026-06-03 16:17:34
adaugaRezervare,2026-06-03 16:17:34
adaugaRezervare,2026-06-03 16:17:34
cautaRezervareDupaClient,2026-06-03 16:17:35
calculeazaNotaPlata,2026-06-03 16:17:35
aplicaDiscount,2026-06-03 16:17:35
getMeniu,2026-06-03 16:17:35
getBauturiAlcoolice,2026-06-03 16:17:35
cautaRezervareDupaClient,2026-06-03 16:17:35
getMeniu,2026-06-03 16:17:35
alocareOspatarMasa,2026-06-03 16:17:35
getMeniu,2026-06-03 16:18:06
getMeniu,2026-06-03 16:18:06
getMeniu,2026-06-03 16:18:06
getMeniu,2026-06-03 16:18:06
getMeniu,2026-06-03 16:18:06
getMeniu,2026-06-03 16:18:06
getMeniu,2026-06-03 16:18:07
adaugaMasa,2026-06-03 16:18:08
adaugaMasa,2026-06-03 16:18:08
adaugaMasa,2026-06-03 16:18:08
adaugaMasa,2026-06-03 16:18:08
adaugaMasa,2026-06-03 16:18:08
adaugaMasa,2026-06-03 16:18:08
adaugaMasa,2026-06-03 16:18:08
adaugaMasa,2026-06-03 16:18:08
adaugaMasa,2026-06-03 16:18:08
adaugaMasa,2026-06-03 16:18:08
adaugaRezervare,2026-06-03 16:18:08
adaugaRezervare,2026-06-03 16:18:08
cautaRezervareDupaClient,2026-06-03 16:18:08
calculeazaNotaPlata,2026-06-03 16:18:08
aplicaDiscount,2026-06-03 16:18:09
getMeniu,2026-06-03 16:18:09
getBauturiAlcoolice,2026-06-03 16:18:09
cautaRezervareDupaClient,2026-06-03 16:18:09
getMeniu,2026-06-03 16:18:09
alocareOspatarMasa,2026-06-03 16:18:09
getMeniu,2026-06-03 16:20:05
getMeniu,2026-06-03 16:20:05
getMeniu,2026-06-03 16:20:05
getMeniu,2026-06-03 16:20:05
getMeniu,2026-06-03 16:20:05
getMeniu,2026-06-03 16:20:05
adaugaMasa,2026-06-03 16:20:06
adaugaMasa,2026-06-03 16:20:06
adaugaMasa,2026-06-03 16:20:06
adaugaMasa,2026-06-03 16:20:06
adaugaMasa,2026-06-03 16:20:06
adaugaMasa,2026-06-03 16:20:06
adaugaMasa,2026-06-03 16:20:06
adaugaMasa,2026-06-03 16:20:06
adaugaMasa,2026-06-03 16:20:06
adaugaMasa,2026-06-03 16:20:06
alocareOspatarMasa,2026-06-03 16:20:06
alocareOspatarMasa,2026-06-03 16:20:06
adaugaRezervare,2026-06-03 16:20:06
cautaRezervareDupaClient,2026-06-03 16:20:07
getMeniu,2026-06-03 16:20:07
getBauturiAlcoolice,2026-06-03 16:20:07
getMeniu,2026-06-03 16:20:07
getMeniu,2026-06-03 16:20:30
getMeniu,2026-06-03 16:20:30
getMeniu,2026-06-03 16:20:30
getMeniu,2026-06-03 16:20:30
getMeniu,2026-06-03 16:20:30
getMeniu,2026-06-03 16:20:30
adaugaMasa,2026-06-03 16:20:32
adaugaMasa,2026-06-03 16:20:32
adaugaMasa,2026-06-03 16:20:32
adaugaMasa,2026-06-03 16:20:32
adaugaMasa,2026-06-03 16:20:32
adaugaMasa,2026-06-03 16:20:32
adaugaMasa,2026-06-03 16:20:32
adaugaMasa,2026-06-03 16:20:32
adaugaMasa,2026-06-03 16:20:32
adaugaMasa,2026-06-03 16:20:32
alocareOspatarMasa,2026-06-03 16:20:32
alocareOspatarMasa,2026-06-03 16:20:32
adaugaRezervare,2026-06-03 16:20:32
cautaRezervareDupaClient,2026-06-03 16:20:32
getMeniu,2026-06-03 16:20:32
getBauturiAlcoolice,2026-06-03 16:20:32
getMeniu,2026-06-03 16:20:32
getMeniu,2026-06-03 16:20:55
getMeniu,2026-06-03 16:20:55
getMeniu,2026-06-03 16:20:55
getMeniu,2026-06-03 16:20:55
getMeniu,2026-06-03 16:20:55
getMeniu,2026-06-03 16:20:55
adaugaMasa,2026-06-03 16:20:57
adaugaMasa,2026-06-03 16:20:57
adaugaMasa,2026-06-03 16:20:57
adaugaMasa,2026-06-03 16:20:57
adaugaMasa,2026-06-03 16:20:57
adaugaMasa,2026-06-03 16:20:57
adaugaMasa,2026-06-03 16:20:57
adaugaMasa,2026-06-03 16:20:57
adaugaMasa,2026-06-03 16:20:57
adaugaMasa,2026-06-03 16:20:57
alocareOspatarMasa,2026-06-03 16:20:57
alocareOspatarMasa,2026-06-03 16:20:57
adaugaRezervare,2026-06-03 16:20:57
cautaRezervareDupaClient,2026-06-03 16:20:57
getMeniu,2026-06-03 16:20:57
getBauturiAlcoolice,2026-06-03 16:20:57
getMeniu,2026-06-03 16:20:57
getMeniu,2026-06-03 16:21:18
getMeniu,2026-06-03 16:21:18
getMeniu,2026-06-03 16:21:18
getMeniu,2026-06-03 16:21:18
getMeniu,2026-06-03 16:21:18
getMeniu,2026-06-03 16:21:18
adaugaMasa,2026-06-03 16:21:20
adaugaMasa,2026-06-03 16:21:20
adaugaMasa,2026-06-03 16:21:20
adaugaMasa,2026-06-03 16:21:20
adaugaMasa,2026-06-03 16:21:20
adaugaMasa,2026-06-03 16:21:20
adaugaMasa,2026-06-03 16:21:20
adaugaMasa,2026-06-03 16:21:20
adaugaMasa,2026-06-03 16:21:20
adaugaMasa,2026-06-03 16:21:20
alocareOspatarMasa,2026-06-03 16:21:20
alocareOspatarMasa,2026-06-03 16:21:20
adaugaRezervare,2026-06-03 16:21:20
cautaRezervareDupaClient,2026-06-03 16:21:20
getMeniu,2026-06-03 16:21:20
getBauturiAlcoolice,2026-06-03 16:21:20
getMeniu,2026-06-03 16:21:20
getMeniu,2026-06-03 16:22:13
getMeniu,2026-06-03 16:22:13
getMeniu,2026-06-03 16:22:13
getMeniu,2026-06-03 16:22:13
getMeniu,2026-06-03 16:22:13
getMeniu,2026-06-03 16:22:13
adaugaMasa,2026-06-03 16:22:15
adaugaMasa,2026-06-03 16:22:15
adaugaMasa,2026-06-03 16:22:15
adaugaMasa,2026-06-03 16:22:15
adaugaMasa,2026-06-03 16:22:15
adaugaMasa,2026-06-03 16:22:15
adaugaMasa,2026-06-03 16:22:15
adaugaMasa,2026-06-03 16:22:15
adaugaMasa,2026-06-03 16:22:15
adaugaMasa,2026-06-03 16:22:15
alocareOspatarMasa,2026-06-03 16:22:15
alocareOspatarMasa,2026-06-03 16:22:15
adaugaRezervare,2026-06-03 16:22:15
cautaRezervareDupaClient,2026-06-03 16:22:15
getMeniu,2026-06-03 16:22:15
getBauturiAlcoolice,2026-06-03 16:22:15
getMeniu,2026-06-03 16:22:15
getMeniu,2026-06-03 16:22:56
getMeniu,2026-06-03 16:22:56
getMeniu,2026-06-03 16:22:56
getMeniu,2026-06-03 16:22:56
getMeniu,2026-06-03 16:22:56
getMeniu,2026-06-03 16:22:56
adaugaMasa,2026-06-03 16:22:58
adaugaMasa,2026-06-03 16:22:58
adaugaMasa,2026-06-03 16:22:58
adaugaMasa,2026-06-03 16:22:58
adaugaMasa,2026-06-03 16:22:58
adaugaMasa,2026-06-03 16:22:58
adaugaMasa,2026-06-03 16:22:58
adaugaMasa,2026-06-03 16:22:58
adaugaMasa,2026-06-03 16:22:58
adaugaMasa,2026-06-03 16:22:58
alocareOspatarMasa,2026-06-03 16:22:58
alocareOspatarMasa,2026-06-03 16:22:58
adaugaRezervare,2026-06-03 16:22:58
cautaRezervareDupaClient,2026-06-03 16:22:58
getMeniu,2026-06-03 16:22:58
getBauturiAlcoolice,2026-06-03 16:22:58
getMeniu,2026-06-03 16:22:58
getMeniu,2026-06-03 16:23:22
getMeniu,2026-06-03 16:23:22
getMeniu,2026-06-03 16:23:22
getMeniu,2026-06-03 16:23:22
getMeniu,2026-06-03 16:23:22
getMeniu,2026-06-03 16:23:22
adaugaMasa,2026-06-03 16:23:23
adaugaMasa,2026-06-03 16:23:23
adaugaMasa,2026-06-03 16:23:23
adaugaMasa,2026-06-03 16:23:23
adaugaMasa,2026-06-03 16:23:23
adaugaMasa,2026-06-03 16:23:23
adaugaMasa,2026-06-03 16:23:23
adaugaMasa,2026-06-03 16:23:23
adaugaMasa,2026-06-03 16:23:23
adaugaMasa,2026-06-03 16:23:23
alocareOspatarMasa,2026-06-03 16:23:23
alocareOspatarMasa,2026-06-03 16:23:23
adaugaRezervare,2026-06-03 16:23:23
cautaRezervareDupaClient,2026-06-03 16:23:23
getMeniu,2026-06-03 16:23:23
getBauturiAlcoolice,2026-06-03 16:23:23
getMeniu,2026-06-03 16:23:23
getMeniu,2026-06-03 16:23:49
getMeniu,2026-06-03 16:23:49
getMeniu,2026-06-03 16:23:49
getMeniu,2026-06-03 16:23:49
getMeniu,2026-06-03 16:23:49
getMeniu,2026-06-03 16:23:49
adaugaMasa,2026-06-03 16:23:51
adaugaMasa,2026-06-03 16:23:51
adaugaMasa,2026-06-03 16:23:51
adaugaMasa,2026-06-03 16:23:51
adaugaMasa,2026-06-03 16:23:51
adaugaMasa,2026-06-03 16:23:51
adaugaMasa,2026-06-03 16:23:51
adaugaMasa,2026-06-03 16:23:51
adaugaMasa,2026-06-03 16:23:51
adaugaMasa,2026-06-03 16:23:51
alocareOspatarMasa,2026-06-03 16:23:51
alocareOspatarMasa,2026-06-03 16:23:51
adaugaRezervare,2026-06-03 16:23:51
cautaRezervareDupaClient,2026-06-03 16:23:51
getMeniu,2026-06-03 16:23:51
getBauturiAlcoolice,2026-06-03 16:23:51
getMeniu,2026-06-03 16:23:51
getMeniu,2026-06-03 16:25:43
getMeniu,2026-06-03 16:25:43
getMeniu,2026-06-03 16:25:43
getMeniu,2026-06-03 16:25:43
getMeniu,2026-06-03 16:25:43
getMeniu,2026-06-03 16:25:43
adaugaMasa,2026-06-03 16:25:45
adaugaMasa,2026-06-03 16:25:45
adaugaMasa,2026-06-03 16:25:45
adaugaMasa,2026-06-03 16:25:45
adaugaMasa,2026-06-03 16:25:45
adaugaMasa,2026-06-03 16:25:45
adaugaMasa,2026-06-03 16:25:45
adaugaMasa,2026-06-03 16:25:45
adaugaMasa,2026-06-03 16:25:45
adaugaMasa,2026-06-03 16:25:45
alocareOspatarMasa,2026-06-03 16:25:45
adaugaRezervare,2026-06-03 16:25:45
cautaRezervareDupaClient,2026-06-03 16:25:45
getMeniu,2026-06-03 16:25:45
getBauturiAlcoolice,2026-06-03 16:25:45
getMeniu,2026-06-03 16:25:45
getMeniu,2026-06-03 16:30:17
getMeniu,2026-06-03 16:30:17
getMeniu,2026-06-03 16:30:17
getMeniu,2026-06-03 16:30:17
getMeniu,2026-06-03 16:30:17
getMeniu,2026-06-03 16:30:17
adaugaMasa,2026-06-03 16:30:18
adaugaMasa,2026-06-03 16:30:18
adaugaMasa,2026-06-03 16:30:18
adaugaMasa,2026-06-03 16:30:18
adaugaMasa,2026-06-03 16:30:18
adaugaMasa,2026-06-03 16:30:18
adaugaMasa,2026-06-03 16:30:18
adaugaMasa,2026-06-03 16:30:18
adaugaMasa,2026-06-03 16:30:18
adaugaMasa,2026-06-03 16:30:18
alocareOspatarMasa,2026-06-03 16:30:18
adaugaRezervare,2026-06-03 16:30:18
cautaRezervareDupaClient,2026-06-03 16:30:19
getMeniu,2026-06-03 16:30:19
getBauturiAlcoolice,2026-06-03 16:30:19
getMeniu,2026-06-03 16:30:19
getMeniu,2026-06-03 16:30:43
getMeniu,2026-06-03 16:30:43
getMeniu,2026-06-03 16:30:43
getMeniu,2026-06-03 16:30:43
getMeniu,2026-06-03 16:30:43
getMeniu,2026-06-03 16:30:43
adaugaMasa,2026-06-03 16:30:45
adaugaMasa,2026-06-03 16:30:45
adaugaMasa,2026-06-03 16:30:45
adaugaMasa,2026-06-03 16:30:45
adaugaMasa,2026-06-03 16:30:45
adaugaMasa,2026-06-03 16:30:45
adaugaMasa,2026-06-03 16:30:45
adaugaMasa,2026-06-03 16:30:45
adaugaMasa,2026-06-03 16:30:45
adaugaMasa,2026-06-03 16:30:45
alocareOspatarMasa,2026-06-03 16:30:45
adaugaRezervare,2026-06-03 16:30:45
cautaRezervareDupaClient,2026-06-03 16:30:45
getMeniu,2026-06-03 16:30:45
getBauturiAlcoolice,2026-06-03 16:30:45
getMeniu,2026-06-03 16:30:45
getMeniu,2026-06-03 16:31:04
getMeniu,2026-06-03 16:31:04
getMeniu,2026-06-03 16:31:04
getMeniu,2026-06-03 16:31:04
getMeniu,2026-06-03 16:31:04
getMeniu,2026-06-03 16:31:04
adaugaMasa,2026-06-03 16:31:06
adaugaMasa,2026-06-03 16:31:06
adaugaMasa,2026-06-03 16:31:06
adaugaMasa,2026-06-03 16:31:06
adaugaMasa,2026-06-03 16:31:06
adaugaMasa,2026-06-03 16:31:06
adaugaMasa,2026-06-03 16:31:06
adaugaMasa,2026-06-03 16:31:06
adaugaMasa,2026-06-03 16:31:06
adaugaMasa,2026-06-03 16:31:06
alocareOspatarMasa,2026-06-03 16:31:06
adaugaRezervare,2026-06-03 16:31:06
cautaRezervareDupaClient,2026-06-03 16:31:06
getMeniu,2026-06-03 16:31:06
getBauturiAlcoolice,2026-06-03 16:31:06
getMeniu,2026-06-03 16:31:06
getMeniu,2026-06-03 16:32:18
getMeniu,2026-06-03 16:32:18
getMeniu,2026-06-03 16:32:18
getMeniu,2026-06-03 16:32:18
getMeniu,2026-06-03 16:32:18
getMeniu,2026-06-03 16:32:18
getMeniu,2026-06-03 16:32:19
adaugaMasa,2026-06-03 16:32:20
adaugaMasa,2026-06-03 16:32:20
adaugaMasa,2026-06-03 16:32:20
adaugaMasa,2026-06-03 16:32:20
adaugaMasa,2026-06-03 16:32:20
adaugaMasa,2026-06-03 16:32:20
adaugaMasa,2026-06-03 16:32:20
adaugaMasa,2026-06-03 16:32:20
adaugaMasa,2026-06-03 16:32:20
adaugaMasa,2026-06-03 16:32:20
adaugaRezervare,2026-06-03 16:32:20
adaugaRezervare,2026-06-03 16:32:20
cautaRezervareDupaClient,2026-06-03 16:32:20
calculeazaNotaPlata,2026-06-03 16:32:20
aplicaDiscount,2026-06-03 16:32:20
getMeniu,2026-06-03 16:32:20
getBauturiAlcoolice,2026-06-03 16:32:20
cautaRezervareDupaClient,2026-06-03 16:32:20
getMeniu,2026-06-03 16:32:20
alocareOspatarMasa,2026-06-03 16:32:20
getMeniu,2026-06-03 16:32:47
getMeniu,2026-06-03 16:32:47
getMeniu,2026-06-03 16:32:47
getMeniu,2026-06-03 16:32:47
getMeniu,2026-06-03 16:32:47
getMeniu,2026-06-03 16:32:47
getMeniu,2026-06-03 16:32:48
adaugaMasa,2026-06-03 16:32:49
adaugaMasa,2026-06-03 16:32:49
adaugaMasa,2026-06-03 16:32:49
adaugaMasa,2026-06-03 16:32:49
adaugaMasa,2026-06-03 16:32:49
adaugaMasa,2026-06-03 16:32:49
adaugaMasa,2026-06-03 16:32:49
adaugaMasa,2026-06-03 16:32:49
adaugaMasa,2026-06-03 16:32:49
adaugaMasa,2026-06-03 16:32:49
adaugaRezervare,2026-06-03 16:32:49
adaugaRezervare,2026-06-03 16:32:49
cautaRezervareDupaClient,2026-06-03 16:32:49
calculeazaNotaPlata,2026-06-03 16:32:49
aplicaDiscount,2026-06-03 16:32:49
getMeniu,2026-06-03 16:32:50
getBauturiAlcoolice,2026-06-03 16:32:50
cautaRezervareDupaClient,2026-06-03 16:32:50
getMeniu,2026-06-03 16:32:50
alocareOspatarMasa,2026-06-03 16:32:50
getMeniu,2026-06-03 16:33:05
getMeniu,2026-06-03 16:33:05
getMeniu,2026-06-03 16:33:05
getMeniu,2026-06-03 16:33:05
getMeniu,2026-06-03 16:33:05
getMeniu,2026-06-03 16:33:05
getMeniu,2026-06-03 16:33:06
adaugaMasa,2026-06-03 16:33:07
adaugaMasa,2026-06-03 16:33:07
adaugaMasa,2026-06-03 16:33:07
adaugaMasa,2026-06-03 16:33:07
adaugaMasa,2026-06-03 16:33:07
adaugaMasa,2026-06-03 16:33:07
adaugaMasa,2026-06-03 16:33:07
adaugaMasa,2026-06-03 16:33:07
adaugaMasa,2026-06-03 16:33:07
adaugaMasa,2026-06-03 16:33:07
adaugaRezervare,2026-06-03 16:33:07
adaugaRezervare,2026-06-03 16:33:07
cautaRezervareDupaClient,2026-06-03 16:33:07
calculeazaNotaPlata,2026-06-03 16:33:07
aplicaDiscount,2026-06-03 16:33:07
getMeniu,2026-06-03 16:33:07
getBauturiAlcoolice,2026-06-03 16:33:07
cautaRezervareDupaClient,2026-06-03 16:33:07
getMeniu,2026-06-03 16:33:07
alocareOspatarMasa,2026-06-03 16:33:07
getMeniu,2026-06-03 16:50:37
getMeniu,2026-06-03 16:50:37
getMeniu,2026-06-03 16:50:37
getMeniu,2026-06-03 16:50:37
getMeniu,2026-06-03 16:50:37
getMeniu,2026-06-03 16:50:37
getMeniu,2026-06-03 16:50:38
adaugaMasa,2026-06-03 16:50:39
adaugaMasa,2026-06-03 16:50:39
adaugaMasa,2026-06-03 16:50:39
adaugaMasa,2026-06-03 16:50:39
adaugaMasa,2026-06-03 16:50:39
adaugaMasa,2026-06-03 16:50:39
adaugaMasa,2026-06-03 16:50:39
adaugaMasa,2026-06-03 16:50:39
adaugaMasa,2026-06-03 16:50:39
adaugaMasa,2026-06-03 16:50:39
adaugaRezervare,2026-06-03 16:50:39
adaugaRezervare,2026-06-03 16:50:39
cautaRezervareDupaClient,2026-06-03 16:50:39
calculeazaNotaPlata,2026-06-03 16:50:39
aplicaDiscount,2026-06-03 16:50:39
getMeniu,2026-06-03 16:50:39
getBauturiAlcoolice,2026-06-03 16:50:39
cautaRezervareDupaClient,2026-06-03 16:50:39
getMeniu,2026-06-03 16:50:39
alocareOspatarMasa,2026-06-03 16:50:39
getMeniu,2026-06-03 17:05:41
getMeniu,2026-06-03 17:05:41
getMeniu,2026-06-03 17:05:41
getMeniu,2026-06-03 17:05:41
getMeniu,2026-06-03 17:05:41
getMeniu,2026-06-03 17:05:41
getMeniu,2026-06-03 17:05:42
adaugaMasa,2026-06-03 17:05:43
adaugaMasa,2026-06-03 17:05:43
adaugaMasa,2026-06-03 17:05:43
adaugaMasa,2026-06-03 17:05:43
adaugaMasa,2026-06-03 17:05:43
adaugaMasa,2026-06-03 17:05:43
adaugaMasa,2026-06-03 17:05:43
adaugaMasa,2026-06-03 17:05:43
adaugaMasa,2026-06-03 17:05:43
adaugaMasa,2026-06-03 17:05:43
adaugaRezervare,2026-06-03 17:05:43
adaugaRezervare,2026-06-03 17:05:43
cautaRezervareDupaClient,2026-06-03 17:05:43
calculeazaNotaPlata,2026-06-03 17:05:43
aplicaDiscount,2026-06-03 17:05:43
getMeniu,2026-06-03 17:05:43
getBauturiAlcoolice,2026-06-03 17:05:43
cautaRezervareDupaClient,2026-06-03 17:05:43
getMeniu,2026-06-03 17:05:43
alocareOspatarMasa,2026-06-03 17:05:43
getMeniu,2026-06-04 00:57:59
getMeniu,2026-06-04 00:57:59
getMeniu,2026-06-04 00:57:59
getMeniu,2026-06-04 00:57:59
getMeniu,2026-06-04 00:57:59
getMeniu,2026-06-04 00:57:59
getMeniu,2026-06-04 00:58:01
adaugaMasa,2026-06-04 00:58:02
adaugaMasa,2026-06-04 00:58:02
adaugaMasa,2026-06-04 00:58:02
adaugaMasa,2026-06-04 00:58:02
adaugaMasa,2026-06-04 00:58:02
adaugaMasa,2026-06-04 00:58:02
adaugaMasa,2026-06-04 00:58:02
adaugaMasa,2026-06-04 00:58:02
adaugaMasa,2026-06-04 00:58:02
adaugaMasa,2026-06-04 00:58:02
adaugaRezervare,2026-06-04 00:58:02
adaugaRezervare,2026-06-04 00:58:02
cautaRezervareDupaClient,2026-06-04 00:58:02
calculeazaNotaPlata,2026-06-04 00:58:02
aplicaDiscount,2026-06-04 00:58:02
getMeniu,2026-06-04 00:58:02
getBauturiAlcoolice,2026-06-04 00:58:02
cautaRezervareDupaClient,2026-06-04 00:58:02
getMeniu,2026-06-04 00:58:02
alocareOspatarMasa,2026-06-04 00:58:02
getMeniu,2026-06-04 00:59:02
getMeniu,2026-06-04 00:59:02
getMeniu,2026-06-04 00:59:02
getMeniu,2026-06-04 00:59:02
getMeniu,2026-06-04 00:59:02
getMeniu,2026-06-04 00:59:02
getMeniu,2026-06-04 00:59:03
adaugaMasa,2026-06-04 00:59:05
adaugaMasa,2026-06-04 00:59:05
adaugaMasa,2026-06-04 00:59:05
adaugaMasa,2026-06-04 00:59:05
adaugaMasa,2026-06-04 00:59:05
adaugaMasa,2026-06-04 00:59:05
adaugaMasa,2026-06-04 00:59:05
adaugaMasa,2026-06-04 00:59:05
adaugaMasa,2026-06-04 00:59:05
adaugaMasa,2026-06-04 00:59:05
adaugaRezervare,2026-06-04 00:59:05
adaugaRezervare,2026-06-04 00:59:05
cautaRezervareDupaClient,2026-06-04 00:59:05
calculeazaNotaPlata,2026-06-04 00:59:05
aplicaDiscount,2026-06-04 00:59:05
getMeniu,2026-06-04 00:59:05
getBauturiAlcoolice,2026-06-04 00:59:05
cautaRezervareDupaClient,2026-06-04 00:59:05
getMeniu,2026-06-04 00:59:05
alocareOspatarMasa,2026-06-04 00:59:05
getMeniu,2026-06-04 01:12:31
getMeniu,2026-06-04 01:12:31
getMeniu,2026-06-04 01:12:31
getMeniu,2026-06-04 01:12:31
getMeniu,2026-06-04 01:12:31
getMeniu,2026-06-04 01:12:31
getMeniu,2026-06-04 01:12:32
adaugaMasa,2026-06-04 01:12:33
adaugaMasa,2026-06-04 01:12:33
adaugaMasa,2026-06-04 01:12:33
adaugaMasa,2026-06-04 01:12:33
adaugaMasa,2026-06-04 01:12:33
adaugaMasa,2026-06-04 01:12:33
adaugaMasa,2026-06-04 01:12:33
adaugaMasa,2026-06-04 01:12:33
adaugaMasa,2026-06-04 01:12:33
adaugaMasa,2026-06-04 01:12:33
adaugaRezervare,2026-06-04 01:12:33
adaugaRezervare,2026-06-04 01:12:33
cautaRezervareDupaClient,2026-06-04 01:12:33
calculeazaNotaPlata,2026-06-04 01:12:34
aplicaDiscount,2026-06-04 01:12:34
getMeniu,2026-06-04 01:12:34
getBauturiAlcoolice,2026-06-04 01:12:34
cautaRezervareDupaClient,2026-06-04 01:12:34
getMeniu,2026-06-04 01:12:34
alocareOspatarMasa,2026-06-04 01:12:34
getMeniu,2026-06-04 21:14:04
getMeniu,2026-06-04 21:14:04
getMeniu,2026-06-04 21:14:04
getMeniu,2026-06-04 21:14:04
getMeniu,2026-06-04 21:14:04
getMeniu,2026-06-04 21:14:04
getMeniu,2026-06-04 21:14:06
adaugaMasa,2026-06-04 21:14:07
adaugaMasa,2026-06-04 21:14:07
adaugaMasa,2026-06-04 21:14:07
adaugaMasa,2026-06-04 21:14:07
adaugaMasa,2026-06-04 21:14:07
adaugaMasa,2026-06-04 21:14:07
adaugaMasa,2026-06-04 21:14:07
adaugaMasa,2026-06-04 21:14:07
adaugaMasa,2026-06-04 21:14:07
adaugaMasa,2026-06-04 21:14:07
adaugaRezervare,2026-06-04 21:14:07
adaugaRezervare,2026-06-04 21:14:07
cautaRezervareDupaClient,2026-06-04 21:14:07
calculeazaNotaPlata,2026-06-04 21:14:08
aplicaDiscount,2026-06-04 21:14:08
getMeniu,2026-06-04 21:14:08
getBauturiAlcoolice,2026-06-04 21:14:08
cautaRezervareDupaClient,2026-06-04 21:14:08
getMeniu,2026-06-04 21:14:08
alocareOspatarMasa,2026-06-04 21:14:08
getMeniu,2026-06-04 21:25:18
getMeniu,2026-06-04 21:25:18
getMeniu,2026-06-04 21:25:18
getMeniu,2026-06-04 21:25:18
getMeniu,2026-06-04 21:25:18
getMeniu,2026-06-04 21:25:18
getMeniu,2026-06-04 21:25:19
adaugaMasa,2026-06-04 21:25:20
adaugaMasa,2026-06-04 21:25:20
adaugaMasa,2026-06-04 21:25:20
adaugaMasa,2026-06-04 21:25:20
adaugaMasa,2026-06-04 21:25:20
adaugaMasa,2026-06-04 21:25:20
adaugaMasa,2026-06-04 21:25:20
adaugaMasa,2026-06-04 21:25:20
adaugaMasa,2026-06-04 21:25:20
adaugaMasa,2026-06-04 21:25:20
adaugaRezervare,2026-06-04 21:25:20
adaugaRezervare,2026-06-04 21:25:20
cautaRezervareDupaClient,2026-06-04 21:25:20
calculeazaNotaPlata,2026-06-04 21:25:20
aplicaDiscount,2026-06-04 21:25:20
getMeniu,2026-06-04 21:25:20
getBauturiAlcoolice,2026-06-04 21:25:20
cautaRezervareDupaClient,2026-06-04 21:25:20
getMeniu,2026-06-04 21:25:20
alocareOspatarMasa,2026-06-04 21:25:20
getMeniu,2026-06-04 21:28:42
getMeniu,2026-06-04 21:28:42
getMeniu,2026-06-04 21:28:42
getMeniu,2026-06-04 21:28:42
getMeniu,2026-06-04 21:28:42
getMeniu,2026-06-04 21:28:42
getMeniu,2026-06-04 21:28:43
adaugaMasa,2026-06-04 21:28:44
adaugaMasa,2026-06-04 21:28:44
adaugaMasa,2026-06-04 21:28:44
adaugaMasa,2026-06-04 21:28:44
adaugaMasa,2026-06-04 21:28:44
adaugaMasa,2026-06-04 21:28:44
adaugaMasa,2026-06-04 21:28:44
adaugaMasa,2026-06-04 21:28:44
adaugaMasa,2026-06-04 21:28:44
adaugaMasa,2026-06-04 21:28:44
adaugaRezervare,2026-06-04 21:28:44
adaugaRezervare,2026-06-04 21:28:44
cautaRezervareDupaClient,2026-06-04 21:28:44
calculeazaNotaPlata,2026-06-04 21:28:44
aplicaDiscount,2026-06-04 21:28:44
getMeniu,2026-06-04 21:28:44
getBauturiAlcoolice,2026-06-04 21:28:44
cautaRezervareDupaClient,2026-06-04 21:28:44
getMeniu,2026-06-04 21:28:44
alocareOspatarMasa,2026-06-04 21:28:44
getMeniu,2026-06-04 21:31:12
getMeniu,2026-06-04 21:31:12
getMeniu,2026-06-04 21:31:12
getMeniu,2026-06-04 21:31:12
getMeniu,2026-06-04 21:31:12
getMeniu,2026-06-04 21:31:12
getMeniu,2026-06-04 21:31:13
adaugaMasa,2026-06-04 21:31:14
adaugaMasa,2026-06-04 21:31:14
adaugaMasa,2026-06-04 21:31:14
adaugaMasa,2026-06-04 21:31:14
adaugaMasa,2026-06-04 21:31:14
adaugaMasa,2026-06-04 21:31:14
adaugaMasa,2026-06-04 21:31:14
adaugaMasa,2026-06-04 21:31:14
adaugaMasa,2026-06-04 21:31:14
adaugaMasa,2026-06-04 21:31:14
adaugaRezervare,2026-06-04 21:31:14
adaugaRezervare,2026-06-04 21:31:14
cautaRezervareDupaClient,2026-06-04 21:31:14
calculeazaNotaPlata,2026-06-04 21:31:14
aplicaDiscount,2026-06-04 21:31:14
getMeniu,2026-06-04 21:31:15
getBauturiAlcoolice,2026-06-04 21:31:15
cautaRezervareDupaClient,2026-06-04 21:31:15
getMeniu,2026-06-04 21:31:15
alocareOspatarMasa,2026-06-04 21:31:15
getMeniu,2026-06-04 21:35:26
getMeniu,2026-06-04 21:35:26
getMeniu,2026-06-04 21:35:26
getMeniu,2026-06-04 21:35:26
getMeniu,2026-06-04 21:35:26
getMeniu,2026-06-04 21:35:26
getMeniu,2026-06-04 21:35:27
adaugaMasa,2026-06-04 21:35:28
adaugaMasa,2026-06-04 21:35:28
adaugaMasa,2026-06-04 21:35:28
adaugaMasa,2026-06-04 21:35:28
adaugaMasa,2026-06-04 21:35:28
adaugaMasa,2026-06-04 21:35:28
adaugaMasa,2026-06-04 21:35:28
adaugaMasa,2026-06-04 21:35:28
adaugaMasa,2026-06-04 21:35:28
adaugaMasa,2026-06-04 21:35:28
adaugaRezervare,2026-06-04 21:35:28
adaugaRezervare,2026-06-04 21:35:28
cautaRezervareDupaClient,2026-06-04 21:35:28
calculeazaNotaPlata,2026-06-04 21:35:28
aplicaDiscount,2026-06-04 21:35:28
getMeniu,2026-06-04 21:35:28
getBauturiAlcoolice,2026-06-04 21:35:28
cautaRezervareDupaClient,2026-06-04 21:35:28
getMeniu,2026-06-04 21:35:28
alocareOspatarMasa,2026-06-04 21:35:28
getMeniu,2026-06-04 21:35:59
getMeniu,2026-06-04 21:35:59
getMeniu,2026-06-04 21:35:59
getMeniu,2026-06-04 21:35:59
getMeniu,2026-06-04 21:35:59
getMeniu,2026-06-04 21:35:59
getMeniu,2026-06-04 21:36:00
adaugaMasa,2026-06-04 21:36:01
adaugaMasa,2026-06-04 21:36:01
adaugaMasa,2026-06-04 21:36:01
adaugaMasa,2026-06-04 21:36:01
adaugaMasa,2026-06-04 21:36:01
adaugaMasa,2026-06-04 21:36:01
adaugaMasa,2026-06-04 21:36:01
adaugaMasa,2026-06-04 21:36:01
adaugaMasa,2026-06-04 21:36:01
adaugaMasa,2026-06-04 21:36:01
adaugaRezervare,2026-06-04 21:36:01
adaugaRezervare,2026-06-04 21:36:01
cautaRezervareDupaClient,2026-06-04 21:36:01
calculeazaNotaPlata,2026-06-04 21:36:01
aplicaDiscount,2026-06-04 21:36:01
getMeniu,2026-06-04 21:36:01
getBauturiAlcoolice,2026-06-04 21:36:01
cautaRezervareDupaClient,2026-06-04 21:36:01
getMeniu,2026-06-04 21:36:01
alocareOspatarMasa,2026-06-04 21:36:01
getMeniu,2026-06-04 21:36:19
getMeniu,2026-06-04 21:36:19
getMeniu,2026-06-04 21:36:19
getMeniu,2026-06-04 21:36:19
getMeniu,2026-06-04 21:36:19
getMeniu,2026-06-04 21:36:19
getMeniu,2026-06-04 21:36:20
adaugaMasa,2026-06-04 21:36:21
adaugaMasa,2026-06-04 21:36:21
adaugaMasa,2026-06-04 21:36:21
adaugaMasa,2026-06-04 21:36:21
adaugaMasa,2026-06-04 21:36:21
adaugaMasa,2026-06-04 21:36:21
adaugaMasa,2026-06-04 21:36:21
adaugaMasa,2026-06-04 21:36:21
adaugaMasa,2026-06-04 21:36:21
adaugaMasa,2026-06-04 21:36:21
adaugaRezervare,2026-06-04 21:36:21
adaugaRezervare,2026-06-04 21:36:21
cautaRezervareDupaClient,2026-06-04 21:36:22
calculeazaNotaPlata,2026-06-04 21:36:22
aplicaDiscount,2026-06-04 21:36:22
getMeniu,2026-06-04 21:36:22
getBauturiAlcoolice,2026-06-04 21:36:22
cautaRezervareDupaClient,2026-06-04 21:36:22
getMeniu,2026-06-04 21:36:22
alocareOspatarMasa,2026-06-04 21:36:22
